id,title,category,source,tags,source_url
advanced-rate-limiting-middleware,Advanced Rate Limiting Middleware,Security,Security,enterprise|middleware|security,https://skills.ai/security/advanced-rate-limiting-middleware
cors-policy-configurator,CORS Policy Configurator,Security,Security,cors|security,https://skills.ai/security/cors-policy-configurator
enterprise-cors-policy-configurator,Enterprise CORS Policy Configurator,Security,Security,cors|enterprise|security,https://skills.ai/security/enterprise-cors-policy-configurator
interactive-jwt-authentication-flow,Interactive JWT Authentication Flow,Security,Security,auth|enterprise|security,https://skills.ai/security/interactive-jwt-authentication-flow
jwt-authentication-flow,JWT Authentication Flow,Security,Security,auth|security,https://skills.ai/security/jwt-authentication-flow
oauth2-implementation,OAuth2 Implementation,Security,Security,auth|oauth,https://skills.ai/security/oauth2-implementation
optimized-sql-injection-preventer,Optimized SQL Injection Preventer,Security,Security,enterprise|security|sql,https://skills.ai/security/optimized-sql-injection-preventer
rate-limiting-middleware,Rate Limiting Middleware,Security,Security,middleware|security,https://skills.ai/security/rate-limiting-middleware
secure-oauth2-implementation,Secure OAuth2 Implementation,Security,Security,auth|enterprise|oauth,https://skills.ai/security/secure-oauth2-implementation
sql-injection-preventer,SQL Injection Preventer,Security,Security,security|sql,https://skills.ai/security/sql-injection-preventer
